id,title,created_at,updated_at
1,"Story Hub","2010-03-14 21:19:13.000000+0000","2010-03-14 21:19:13.000000+0000"
2,PaddleFX,"2010-03-15 14:33:13.000000+0000","2010-04-05 21:13:40.000000+0000"
3,"Coffee Map","2010-03-17 22:35:56.000000+0000","2010-03-17 22:35:56.000000+0000"
4,"Switch Visualizer","2010-03-18 09:51:53.000000+0000","2010-03-18 09:51:53.000000+0000"
5,Life,"2010-03-29 16:51:37.000000+0000","2010-03-29 16:51:37.000000+0000"
6,Flat,"2010-04-02 12:12:29.000000+0000","2010-04-02 12:12:29.000000+0000"
7,asdasd,"2010-04-03 13:07:44.000000+0000","2010-04-03 13:07:44.000000+0000"
8,Website,"2010-04-03 23:12:06.000000+0000","2010-04-03 23:12:06.000000+0000"
9,Community,"2010-04-06 22:58:16.000000+0000","2010-04-06 22:58:16.000000+0000"
10,Life::Yeah,"2010-04-11 12:28:49.000000+0000","2010-04-11 12:28:49.000000+0000"
11,"New Game","2010-04-17 17:18:59.000000+0000","2010-04-17 17:18:59.000000+0000"
12,Stubs,"2010-06-06 17:27:26.000000+0000","2010-06-06 17:27:26.000000+0000"
13,"Mobile Wall","2010-06-06 20:11:24.000000+0000","2010-06-06 20:11:24.000000+0000"
14,"Google Docs","2010-06-25 11:15:54.212593+0000","2010-06-25 11:15:54.212593+0000"
